{
  "fio version" : "fio-3.1",
  "timestamp" : 1533589031,
  "timestamp_ms" : 1533589031974,
  "time" : "Mon Aug  6 20:57:11 2018",
  "jobs" : [
    {
      "jobname" : "random-io",
      "groupid" : 0,
      "error" : 0,
      "eta" : 0,
      "elapsed" : 31,
      "job options" : {
        "bs" : "4096",
        "direct" : "1",
        "directory" : "/app/data",
        "iodepth" : "02",
        "ioengine" : "libaio",
        "log_avg_msec" : "1000",
        "randrepeat" : "1",
        "runtime" : "30",
        "rw" : "randwrite",
        "size" : "50M",
        "time_based" : "0",
        "write_bw_log" : "-4096-",
        "write_lat_log" : "-4096-",
        "write_iops_log" : "-4096-",
        "filename" : "fio-test.bin"
      },
      "read" : {
        "io_bytes" : 0,
        "io_kbytes" : 0,
        "bw" : 0,
        "iops" : 0.000000,
        "runtime" : 0,
        "total_ios" : 0,
        "short_ios" : 0,
        "drop_ios" : 0,
        "slat_ns" : {
          "min" : 0,
          "max" : 0,
          "mean" : 0.000000,
          "stddev" : 0.000000
        },
        "clat_ns" : {
          "min" : 0,
          "max" : 0,
          "mean" : 0.000000,
          "stddev" : 0.000000,
          "percentile" : {
            "1.000000" : 0,
            "5.000000" : 0,
            "10.000000" : 0,
            "20.000000" : 0,
            "30.000000" : 0,
            "40.000000" : 0,
            "50.000000" : 0,
            "60.000000" : 0,
            "70.000000" : 0,
            "80.000000" : 0,
            "90.000000" : 0,
            "95.000000" : 0,
            "99.000000" : 0,
            "99.500000" : 0,
            "99.900000" : 0,
            "99.950000" : 0,
            "99.990000" : 0,
            "0.00" : 0,
            "0.00" : 0,
            "0.00" : 0
          }
        },
        "lat_ns" : {
          "min" : 0,
          "max" : 0,
          "mean" : 0.000000,
          "stddev" : 0.000000
        },
        "bw_min" : 0,
        "bw_max" : 0,
        "bw_agg" : 0.000000,
        "bw_mean" : 0.000000,
        "bw_dev" : 0.000000,
        "bw_samples" : 0,
        "iops_min" : 0,
        "iops_max" : 0,
        "iops_mean" : 0.000000,
        "iops_stddev" : 0.000000,
        "iops_samples" : 0
      },
      "write" : {
        "io_bytes" : 13135872,
        "io_kbytes" : 12828,
        "bw" : 425,
        "iops" : 106.488245,
        "runtime" : 30116,
        "total_ios" : 3207,
        "short_ios" : 0,
        "drop_ios" : 0,
        "slat_ns" : {
          "min" : 17024,
          "max" : 19000403,
          "mean" : 378230.592454,
          "stddev" : 643363.907987
        },
        "clat_ns" : {
          "min" : 7185793,
          "max" : 1274043437,
          "mean" : 18376563.051762,
          "stddev" : 51100695.079936,
          "percentile" : {
            "1.000000" : 9371648,
            "5.000000" : 10420224,
            "10.000000" : 11075584,
            "20.000000" : 11730944,
            "30.000000" : 12255232,
            "40.000000" : 12779520,
            "50.000000" : 13434880,
            "60.000000" : 14090240,
            "70.000000" : 15138816,
            "80.000000" : 16580608,
            "90.000000" : 20054016,
            "95.000000" : 23986176,
            "99.000000" : 94896128,
            "99.500000" : 193986560,
            "99.900000" : 1166016512,
            "99.950000" : 1266679808,
            "99.990000" : 1266679808,
            "0.00" : 0,
            "0.00" : 0,
            "0.00" : 0
          }
        },
        "lat_ns" : {
          "min" : 8319766,
          "max" : 1274361114,
          "mean" : 18759281.177424,
          "stddev" : 51114625.305204
        },
        "bw_min" : 32,
        "bw_max" : 576,
        "bw_agg" : 100.000000,
        "bw_mean" : 427.300000,
        "bw_dev" : 146.141441,
        "bw_samples" : 30,
        "iops_min" : 8,
        "iops_max" : 144,
        "iops_mean" : 106.800000,
        "iops_stddev" : 36.546994,
        "iops_samples" : 30
      },
      "trim" : {
        "io_bytes" : 0,
        "io_kbytes" : 0,
        "bw" : 0,
        "iops" : 0.000000,
        "runtime" : 0,
        "total_ios" : 0,
        "short_ios" : 0,
        "drop_ios" : 0,
        "slat_ns" : {
          "min" : 0,
          "max" : 0,
          "mean" : 0.000000,
          "stddev" : 0.000000
        },
        "clat_ns" : {
          "min" : 0,
          "max" : 0,
          "mean" : 0.000000,
          "stddev" : 0.000000,
          "percentile" : {
            "1.000000" : 0,
            "5.000000" : 0,
            "10.000000" : 0,
            "20.000000" : 0,
            "30.000000" : 0,
            "40.000000" : 0,
            "50.000000" : 0,
            "60.000000" : 0,
            "70.000000" : 0,
            "80.000000" : 0,
            "90.000000" : 0,
            "95.000000" : 0,
            "99.000000" : 0,
            "99.500000" : 0,
            "99.900000" : 0,
            "99.950000" : 0,
            "99.990000" : 0,
            "0.00" : 0,
            "0.00" : 0,
            "0.00" : 0
          }
        },
        "lat_ns" : {
          "min" : 0,
          "max" : 0,
          "mean" : 0.000000,
          "stddev" : 0.000000
        },
        "bw_min" : 0,
        "bw_max" : 0,
        "bw_agg" : 0.000000,
        "bw_mean" : 0.000000,
        "bw_dev" : 0.000000,
        "bw_samples" : 0,
        "iops_min" : 0,
        "iops_max" : 0,
        "iops_mean" : 0.000000,
        "iops_stddev" : 0.000000,
        "iops_samples" : 0
      },
      "usr_cpu" : 0.262328,
      "sys_cpu" : 0.753777,
      "ctx" : 6453,
      "majf" : 0,
      "minf" : 18,
      "iodepth_level" : {
        "1" : 0.100000,
        "2" : 99.968818,
        "4" : 0.000000,
        "8" : 0.000000,
        "16" : 0.000000,
        "32" : 0.000000,
        ">=64" : 0.000000
      },
      "latency_ns" : {
        "2" : 0.000000,
        "4" : 0.000000,
        "10" : 0.000000,
        "20" : 0.000000,
        "50" : 0.000000,
        "100" : 0.000000,
        "250" : 0.000000,
        "500" : 0.000000,
        "750" : 0.000000,
        "1000" : 0.000000
      },
      "latency_us" : {
        "2" : 0.000000,
        "4" : 0.000000,
        "10" : 0.000000,
        "20" : 0.000000,
        "50" : 0.000000,
        "100" : 0.000000,
        "250" : 0.000000,
        "500" : 0.000000,
        "750" : 0.000000,
        "1000" : 0.000000
      },
      "latency_ms" : {
        "2" : 0.000000,
        "4" : 0.000000,
        "10" : 2.588089,
        "20" : 87.215466,
        "50" : 8.574992,
        "100" : 0.685999,
        "250" : 0.498909,
        "500" : 0.218273,
        "750" : 0.031182,
        "1000" : 0.062364,
        "2000" : 0.124727,
        ">=2000" : 0.000000
      },
      "latency_depth" : 2,
      "latency_target" : 0,
      "latency_percentile" : 100.000000,
      "latency_window" : 0
    }
  ],
  "disk_util" : [
    {
      "name" : "rbd0",
      "read_ios" : 0,
      "write_ios" : 3202,
      "read_merges" : 0,
      "write_merges" : 5,
      "read_ticks" : 0,
      "write_ticks" : 59316,
      "in_queue" : 59324,
      "util" : 99.796375
    }
  ]
}
